,content_url,listing_price,time_posted,title
0,sfbay.craigslist.org/pen/apa/6048533690.html,2799.0,"time.struct_time(tm_year=1900, tm_mon=3, tm_mday=17, tm_hour=16, tm_min=8, tm_sec=31, tm_wday=4, tm_yday=76, tm_isdst=-1)",2 Weeks free !! On Us !!
1,sfbay.craigslist.org/pen/apa/6048515041.html,3185.0,"time.struct_time(tm_year=1900, tm_mon=3, tm_mday=17, tm_hour=15, tm_min=53, tm_sec=38, tm_wday=4, tm_yday=76, tm_isdst=-1)",Amazing One Bedroom Home - Look and Lease Special!!** 6 weeks free**
2,sfbay.craigslist.org/pen/apa/6048502362.html,3253.0,"time.struct_time(tm_year=1900, tm_mon=3, tm_mday=17, tm_hour=15, tm_min=43, tm_sec=26, tm_wday=4, tm_yday=76, tm_isdst=-1)",2 Bedroom/1 Bath w/Water View
3,sfbay.craigslist.org/pen/apa/6048494983.html,3300.0,"time.struct_time(tm_year=1900, tm_mon=3, tm_mday=17, tm_hour=15, tm_min=37, tm_sec=46, tm_wday=4, tm_yday=76, tm_isdst=-1)",COMING SOON! SO LEASE NOW! 1X1
4,sfbay.craigslist.org/pen/apa/6034925835.html,2750.0,"time.struct_time(tm_year=1900, tm_mon=3, tm_mday=17, tm_hour=15, tm_min=25, tm_sec=13, tm_wday=4, tm_yday=76, tm_isdst=-1)",Charming ground floor unit. Walk to downtown!!
5,sfbay.craigslist.org/pen/apa/6048470216.html,2400.0,"time.struct_time(tm_year=1900, tm_mon=3, tm_mday=17, tm_hour=15, tm_min=24, tm_sec=43, tm_wday=4, tm_yday=76, tm_isdst=-1)","Looking For A Great Floor plan, Open Kitchen and Nice Cabinets?"
6,sfbay.craigslist.org/pen/apa/6048452952.html,3395.0,"time.struct_time(tm_year=1900, tm_mon=3, tm_mday=17, tm_hour=15, tm_min=5, tm_sec=37, tm_wday=4, tm_yday=76, tm_isdst=-1)",THE RISE OF RYAN TOWER
7,sfbay.craigslist.org/pen/apa/6048431738.html,2434.0,"time.struct_time(tm_year=1900, tm_mon=3, tm_mday=17, tm_hour=14, tm_min=50, tm_sec=5, tm_wday=4, tm_yday=76, tm_isdst=-1)","Pool Time Gated Community, Pet Friendly, Social Area w/ BBQ Grill, 1x1"
8,sfbay.craigslist.org/pen/apa/6048379980.html,3156.0,"time.struct_time(tm_year=1900, tm_mon=3, tm_mday=17, tm_hour=14, tm_min=14, tm_sec=0, tm_wday=4, tm_yday=76, tm_isdst=-1)",One Bedroom With Attached Garage And Water View!
9,sfbay.craigslist.org/pen/apa/6048378536.html,2549.0,"time.struct_time(tm_year=1900, tm_mon=3, tm_mday=17, tm_hour=14, tm_min=13, tm_sec=2, tm_wday=4, tm_yday=76, tm_isdst=-1)","Pet Friendly, Perfect Location, Visit Your New Home"
10,sfbay.craigslist.org/pen/apa/6048368824.html,2888.0,"time.struct_time(tm_year=1900, tm_mon=3, tm_mday=17, tm_hour=14, tm_min=6, tm_sec=35, tm_wday=4, tm_yday=76, tm_isdst=-1)","STUNNING, SPACIOUS WATERFRONT APARTMENT! ONE MONTH  FREE"
11,sfbay.craigslist.org/pen/apa/6048310226.html,2847.0,"time.struct_time(tm_year=1900, tm_mon=3, tm_mday=17, tm_hour=13, tm_min=38, tm_sec=32, tm_wday=4, tm_yday=76, tm_isdst=-1)",High Ceilings! Morning Sun! 1 Bedroom!
12,sfbay.craigslist.org/pen/apa/6048310067.html,2996.0,"time.struct_time(tm_year=1900, tm_mon=3, tm_mday=17, tm_hour=13, tm_min=28, tm_sec=33, tm_wday=4, tm_yday=76, tm_isdst=-1)","Charming One Bedroom, Prime LocationAvailable For Immediate Move in!"
13,sfbay.craigslist.org/pen/apa/6048298724.html,3200.0,"time.struct_time(tm_year=1900, tm_mon=3, tm_mday=17, tm_hour=13, tm_min=20, tm_sec=16, tm_wday=4, tm_yday=76, tm_isdst=-1)","Newly Renovated - Available Now - Furnished, Open Concept Apartment"
14,sfbay.craigslist.org/pen/apa/6048263180.html,2495.0,"time.struct_time(tm_year=1900, tm_mon=3, tm_mday=17, tm_hour=13, tm_min=17, tm_sec=17, tm_wday=4, tm_yday=76, tm_isdst=-1)",Welcome to your new home! Come in and check out this beautiful unit!
15,sfbay.craigslist.org/pen/apa/6048291204.html,3107.0,"time.struct_time(tm_year=1900, tm_mon=3, tm_mday=17, tm_hour=13, tm_min=15, tm_sec=23, tm_wday=4, tm_yday=76, tm_isdst=-1)",Perfect waterfront 1x1 with hardwood floors and upgraded appliances!
16,sfbay.craigslist.org/pen/apa/6048278012.html,2483.0,"time.struct_time(tm_year=1900, tm_mon=3, tm_mday=17, tm_hour=13, tm_min=6, tm_sec=51, tm_wday=4, tm_yday=76, tm_isdst=-1)",ONE MONTH FREE! MODERN JUNIOR 1x1 WITH WASHER/DRYER
17,sfbay.craigslist.org/pen/apa/6038231364.html,3200.0,"time.struct_time(tm_year=1900, tm_mon=3, tm_mday=17, tm_hour=13, tm_min=2, tm_sec=0, tm_wday=4, tm_yday=76, tm_isdst=-1)","Available Now -Furnished, Open Concept 1st Floor Apt- Newly Renovated"
18,sfbay.craigslist.org/pen/apa/6048246328.html,3027.0,"time.struct_time(tm_year=1900, tm_mon=3, tm_mday=17, tm_hour=12, tm_min=56, tm_sec=42, tm_wday=4, tm_yday=76, tm_isdst=-1)",* THE BEST OF FOSTER CITY IS NOW AVAILABLE FOR YOU AT FOSTER'S LANDING
19,sfbay.craigslist.org/pen/apa/6048244022.html,2464.0,"time.struct_time(tm_year=1900, tm_mon=3, tm_mday=17, tm_hour=12, tm_min=45, tm_sec=20, tm_wday=4, tm_yday=76, tm_isdst=-1)",BEAUTIFUL & SERENE ONE BEDROOM APARTMENT! MOVE-IN READY!
20,sfbay.craigslist.org/pen/apa/6048236054.html,2689.0,"time.struct_time(tm_year=1900, tm_mon=3, tm_mday=17, tm_hour=12, tm_min=40, tm_sec=19, tm_wday=4, tm_yday=76, tm_isdst=-1)",Waterfront Views! Lease Today!
21,sfbay.craigslist.org/pen/apa/6048234362.html,2444.0,"time.struct_time(tm_year=1900, tm_mon=3, tm_mday=17, tm_hour=12, tm_min=39, tm_sec=14, tm_wday=4, tm_yday=76, tm_isdst=-1)",AMAZING ONE BEDROOM APARTMENT W/DEN! CALL TODAY! DO NOT DELAY!
22,sfbay.craigslist.org/pen/apa/6048234242.html,2899.0,"time.struct_time(tm_year=1900, tm_mon=3, tm_mday=17, tm_hour=12, tm_min=39, tm_sec=9, tm_wday=4, tm_yday=76, tm_isdst=-1)",Spacious 1 bedroom
23,sfbay.craigslist.org/pen/apa/6048232331.html,2611.0,"time.struct_time(tm_year=1900, tm_mon=3, tm_mday=17, tm_hour=12, tm_min=37, tm_sec=55, tm_wday=4, tm_yday=76, tm_isdst=-1)",Top Floor With Lots Of Sun Light
24,sfbay.craigslist.org/pen/apa/6048216952.html,3020.0,"time.struct_time(tm_year=1900, tm_mon=3, tm_mday=17, tm_hour=12, tm_min=28, tm_sec=14, tm_wday=4, tm_yday=76, tm_isdst=-1)",A CHARMING TWO BEDROOM APARTMENT W/OLD WORLD CHARM!
25,sfbay.craigslist.org/pen/apa/6028329980.html,2700.0,"time.struct_time(tm_year=1900, tm_mon=3, tm_mday=17, tm_hour=12, tm_min=23, tm_sec=55, tm_wday=4, tm_yday=76, tm_isdst=-1)","Gorgeous, recently remodeled 2BR/1BA with lovely open floor plan"
26,sfbay.craigslist.org/pen/apa/6048208843.html,2595.0,"time.struct_time(tm_year=1900, tm_mon=3, tm_mday=17, tm_hour=12, tm_min=23, tm_sec=15, tm_wday=4, tm_yday=76, tm_isdst=-1)","140 San Marco #3 / First Open House, Sun 3/19  10:-10:30 am"
27,sfbay.craigslist.org/pen/apa/6048171571.html,2995.0,"time.struct_time(tm_year=1900, tm_mon=3, tm_mday=17, tm_hour=12, tm_min=0, tm_sec=25, tm_wday=4, tm_yday=76, tm_isdst=-1)",TASTEFUL TWO BEDROOM APARTMENT WITH LARGE BALCONY!
28,sfbay.craigslist.org/pen/apa/6048155292.html,2474.0,"time.struct_time(tm_year=1900, tm_mon=3, tm_mday=17, tm_hour=11, tm_min=50, tm_sec=37, tm_wday=4, tm_yday=76, tm_isdst=-1)",SPACIOUS & INVITING ONE BEDROOM APARTMENT IN BELMONT!
29,sfbay.craigslist.org/pen/apa/6048140521.html,3369.0,"time.struct_time(tm_year=1900, tm_mon=3, tm_mday=17, tm_hour=11, tm_min=41, tm_sec=42, tm_wday=4, tm_yday=76, tm_isdst=-1)",Charming one bedroom on the top floor!
30,sfbay.craigslist.org/pen/apa/6048128453.html,2904.0,"time.struct_time(tm_year=1900, tm_mon=3, tm_mday=17, tm_hour=11, tm_min=34, tm_sec=31, tm_wday=4, tm_yday=76, tm_isdst=-1)","TWO BEDROOM APARTMENT, CONVENIENT LOCATION CLOSE TO EVERYTHING!"
31,sfbay.craigslist.org/pen/apa/6048128119.html,3090.0,"time.struct_time(tm_year=1900, tm_mon=3, tm_mday=17, tm_hour=11, tm_min=34, tm_sec=17, tm_wday=4, tm_yday=76, tm_isdst=-1)","Stainless Steel Appliances, Energy Efficient Washer/Dryer & MORE!"
32,sfbay.craigslist.org/pen/apa/6048126397.html,2881.0,"time.struct_time(tm_year=1900, tm_mon=3, tm_mday=17, tm_hour=11, tm_min=33, tm_sec=18, tm_wday=4, tm_yday=76, tm_isdst=-1)",Top Floor 1 Bed 1! Bath Garden Courtyard View!
33,sfbay.craigslist.org/pen/apa/6029812891.html,2895.0,"time.struct_time(tm_year=1900, tm_mon=3, tm_mday=17, tm_hour=11, tm_min=32, tm_sec=55, tm_wday=4, tm_yday=76, tm_isdst=-1)",251 N El Camino Real #D / Open House Sat 3/18 11:-11:30 Am
34,sfbay.craigslist.org/pen/apa/6048028324.html,2957.0,"time.struct_time(tm_year=1900, tm_mon=3, tm_mday=17, tm_hour=10, tm_min=53, tm_sec=48, tm_wday=4, tm_yday=76, tm_isdst=-1)",* FOSTER'S LANDING TRANSFORMED WITH YOU IN MIND
35,sfbay.craigslist.org/pen/apa/6048032564.html,2820.0,"time.struct_time(tm_year=1900, tm_mon=3, tm_mday=17, tm_hour=10, tm_min=50, tm_sec=14, tm_wday=4, tm_yday=76, tm_isdst=-1)",GRANITE FOYER IN A 1BR/1BA HOME NEAR PUBLIC TRANSPORTATION!
36,sfbay.craigslist.org/pen/apa/6048046404.html,2406.0,"time.struct_time(tm_year=1900, tm_mon=3, tm_mday=17, tm_hour=10, tm_min=47, tm_sec=21, tm_wday=4, tm_yday=76, tm_isdst=-1)",2 Weeks free !! On Us !!
37,sfbay.craigslist.org/pen/apa/6048037274.html,3064.0,"time.struct_time(tm_year=1900, tm_mon=3, tm_mday=17, tm_hour=10, tm_min=42, tm_sec=0, tm_wday=4, tm_yday=76, tm_isdst=-1)",Cozy one bedroom available soon!
38,sfbay.craigslist.org/pen/apa/6048021685.html,2998.0,"time.struct_time(tm_year=1900, tm_mon=3, tm_mday=17, tm_hour=10, tm_min=40, tm_sec=36, tm_wday=4, tm_yday=76, tm_isdst=-1)",Spacious Two Bedroom w/ Large Closets!
39,sfbay.craigslist.org/pen/apa/6048023927.html,2698.0,"time.struct_time(tm_year=1900, tm_mon=3, tm_mday=17, tm_hour=10, tm_min=39, tm_sec=22, tm_wday=4, tm_yday=76, tm_isdst=-1)","Spacious 1 Bedroom, Minutes from Downtown Burlingame Shopping!"
40,sfbay.craigslist.org/pen/apa/6048027813.html,2978.0,"time.struct_time(tm_year=1900, tm_mon=3, tm_mday=17, tm_hour=10, tm_min=36, tm_sec=33, tm_wday=4, tm_yday=76, tm_isdst=-1)",Spacious One Bedroom w/ Large Closets-Must See!
41,sfbay.craigslist.org/pen/apa/6047994705.html,3250.0,"time.struct_time(tm_year=1900, tm_mon=3, tm_mday=17, tm_hour=10, tm_min=17, tm_sec=36, tm_wday=4, tm_yday=76, tm_isdst=-1)","Beautiful Town home, Great Location, In an Upscale Complex"
42,sfbay.craigslist.org/pen/apa/6047974381.html,2506.0,"time.struct_time(tm_year=1900, tm_mon=3, tm_mday=17, tm_hour=10, tm_min=6, tm_sec=9, tm_wday=4, tm_yday=76, tm_isdst=-1)",Brand New Unit With Pool View
43,sfbay.craigslist.org/pen/apa/6047968521.html,2668.0,"time.struct_time(tm_year=1900, tm_mon=3, tm_mday=17, tm_hour=10, tm_min=2, tm_sec=49, tm_wday=4, tm_yday=76, tm_isdst=-1)",ONE MONTH FREE! IDEAL 1 BEDROOM COMPLIMENTARY PILATES and TENNIS!
44,sfbay.craigslist.org/pen/apa/6047941990.html,2457.0,"time.struct_time(tm_year=1900, tm_mon=3, tm_mday=17, tm_hour=9, tm_min=56, tm_sec=16, tm_wday=4, tm_yday=76, tm_isdst=-1)","Spring Forward to your New Home, Fantastic Top floor, End Unit, 1x1"
45,sfbay.craigslist.org/pen/apa/6047939124.html,3375.0,"time.struct_time(tm_year=1900, tm_mon=3, tm_mday=17, tm_hour=9, tm_min=45, tm_sec=42, tm_wday=4, tm_yday=76, tm_isdst=-1)",Beautiful and Spacious 1x1 Available 3/24 at 100 Grand Apartment! #234
46,sfbay.craigslist.org/pen/apa/6047923785.html,2413.0,"time.struct_time(tm_year=1900, tm_mon=3, tm_mday=17, tm_hour=9, tm_min=36, tm_sec=54, tm_wday=4, tm_yday=76, tm_isdst=-1)",EXQUISITE LAGOON VIEWS IN FOSTER CITY'S BEST LOCATION. ONE MONTH FREE!
47,sfbay.craigslist.org/pen/apa/6047897457.html,3394.0,"time.struct_time(tm_year=1900, tm_mon=3, tm_mday=17, tm_hour=9, tm_min=31, tm_sec=53, tm_wday=4, tm_yday=76, tm_isdst=-1)",Lots of Natural Sunlight in this 2 bd/2 ba
48,sfbay.craigslist.org/pen/apa/6047901682.html,2647.0,"time.struct_time(tm_year=1900, tm_mon=3, tm_mday=17, tm_hour=9, tm_min=24, tm_sec=21, tm_wday=4, tm_yday=76, tm_isdst=-1)","Salt Water Pool, Visit Your New Home, Come Visit Today"
49,sfbay.craigslist.org/pen/apa/6047896886.html,3200.0,"time.struct_time(tm_year=1900, tm_mon=3, tm_mday=17, tm_hour=9, tm_min=21, tm_sec=38, tm_wday=4, tm_yday=76, tm_isdst=-1)","Gated Entry, Schedule a Tour, Tranquil Location"
50,sfbay.craigslist.org/pen/apa/6047877388.html,2973.0,"time.struct_time(tm_year=1900, tm_mon=3, tm_mday=17, tm_hour=9, tm_min=10, tm_sec=30, tm_wday=4, tm_yday=76, tm_isdst=-1)",1st Floor 1 Bed On the Water With Excellent Light!
51,sfbay.craigslist.org/pen/apa/6047857074.html,2880.0,"time.struct_time(tm_year=1900, tm_mon=3, tm_mday=17, tm_hour=8, tm_min=58, tm_sec=53, tm_wday=4, tm_yday=76, tm_isdst=-1)",Luxurious Corner Garden Home w/ Front & Rear Entrances!
52,sfbay.craigslist.org/pen/apa/6047845639.html,3395.0,"time.struct_time(tm_year=1900, tm_mon=3, tm_mday=17, tm_hour=8, tm_min=52, tm_sec=55, tm_wday=4, tm_yday=76, tm_isdst=-1)",COMFORTABLE LIVING IN SAN MATEO
53,sfbay.craigslist.org/pen/apa/6047831221.html,2845.0,"time.struct_time(tm_year=1900, tm_mon=3, tm_mday=17, tm_hour=8, tm_min=43, tm_sec=15, tm_wday=4, tm_yday=76, tm_isdst=-1)",HIGH RISE LIVING IN SAN MATEO
54,sfbay.craigslist.org/pen/apa/6047825852.html,3295.0,"time.struct_time(tm_year=1900, tm_mon=3, tm_mday=17, tm_hour=8, tm_min=40, tm_sec=7, tm_wday=4, tm_yday=76, tm_isdst=-1)",RYAN TOWER LIVING
55,sfbay.craigslist.org/pen/apa/6047810968.html,2968.0,"time.struct_time(tm_year=1900, tm_mon=3, tm_mday=17, tm_hour=8, tm_min=31, tm_sec=21, tm_wday=4, tm_yday=76, tm_isdst=-1)","BIG ROOMS, BIG CLOSETS, LITTLE PRICE! W/D & more."
56,sfbay.craigslist.org/pen/apa/6043576301.html,2948.0,"time.struct_time(tm_year=1900, tm_mon=3, tm_mday=17, tm_hour=8, tm_min=30, tm_sec=19, tm_wday=4, tm_yday=76, tm_isdst=-1)","WELCOME TO YOUR NEW HOME!..Spacious,corner unit,steel appliance & more"
57,sfbay.craigslist.org/pen/apa/6047469777.html,2628.0,"time.struct_time(tm_year=1900, tm_mon=3, tm_mday=17, tm_hour=0, tm_min=45, tm_sec=34, tm_wday=4, tm_yday=76, tm_isdst=-1)",2628 / 1br - FOSTER CITY' BeachCove ONE MONTH FREE! PLus 2000 Bonus
58,sfbay.craigslist.org/pen/apa/6047405205.html,2950.0,"time.struct_time(tm_year=1900, tm_mon=3, tm_mday=16, tm_hour=21, tm_min=49, tm_sec=27, tm_wday=3, tm_yday=75, tm_isdst=-1)",$2950 / 2br 2ba - 1050sqft Apartment near Crystal Springs
59,sfbay.craigslist.org/pen/apa/6037426212.html,3235.0,"time.struct_time(tm_year=1900, tm_mon=3, tm_mday=16, tm_hour=20, tm_min=49, tm_sec=9, tm_wday=3, tm_yday=75, tm_isdst=-1)","Completely renovated! Open layout, corner duplex."
60,sfbay.craigslist.org/pen/apa/6020417175.html,2426.0,"time.struct_time(tm_year=1900, tm_mon=3, tm_mday=16, tm_hour=19, tm_min=56, tm_sec=24, tm_wday=3, tm_yday=75, tm_isdst=-1)","Porch, Sauna, Pool, Gym, Parking spot, No Deposit, Pets OK, Avail Now!"
61,sfbay.craigslist.org/pen/apa/6042339234.html,2426.0,"time.struct_time(tm_year=1900, tm_mon=3, tm_mday=16, tm_hour=19, tm_min=56, tm_sec=22, tm_wday=3, tm_yday=75, tm_isdst=-1)","1b/1ba on the water, Sublet / Lease Takeover ~ Pool, Sauna, Gym, W/D"
62,sfbay.craigslist.org/pen/apa/6047269480.html,3057.0,"time.struct_time(tm_year=1900, tm_mon=3, tm_mday=16, tm_hour=18, tm_min=44, tm_sec=50, tm_wday=3, tm_yday=75, tm_isdst=-1)","Beautiful Layout, High Ceilings, Granite Countertop! Luxurious Apt!"
63,sfbay.craigslist.org/pen/apa/6047259341.html,2855.0,"time.struct_time(tm_year=1900, tm_mon=3, tm_mday=16, tm_hour=18, tm_min=33, tm_sec=51, tm_wday=3, tm_yday=75, tm_isdst=-1)",Ground floor 1 bed with courtyard view!
64,sfbay.craigslist.org/pen/apa/6047257895.html,3055.0,"time.struct_time(tm_year=1900, tm_mon=3, tm_mday=16, tm_hour=18, tm_min=32, tm_sec=19, tm_wday=3, tm_yday=75, tm_isdst=-1)",What you waiting for? This 2x2 is all you need!
65,sfbay.craigslist.org/pen/apa/6047249195.html,2998.0,"time.struct_time(tm_year=1900, tm_mon=3, tm_mday=16, tm_hour=18, tm_min=30, tm_sec=9, tm_wday=3, tm_yday=75, tm_isdst=-1)",Great Apartment Flow to Decorate
66,sfbay.craigslist.org/pen/apa/6047255701.html,2916.0,"time.struct_time(tm_year=1900, tm_mon=3, tm_mday=16, tm_hour=18, tm_min=29, tm_sec=59, tm_wday=3, tm_yday=75, tm_isdst=-1)",All the space needed in this fruitful 1 bedroom!
67,sfbay.craigslist.org/pen/apa/6047247328.html,2698.0,"time.struct_time(tm_year=1900, tm_mon=3, tm_mday=16, tm_hour=18, tm_min=28, tm_sec=6, tm_wday=3, tm_yday=75, tm_isdst=-1)",Convenience is Endless from Park Royal!
68,sfbay.craigslist.org/pen/apa/6047252174.html,3398.0,"time.struct_time(tm_year=1900, tm_mon=3, tm_mday=16, tm_hour=18, tm_min=26, tm_sec=20, tm_wday=3, tm_yday=75, tm_isdst=-1)",Spacious 2x2 W/ Complementary Wi-Fi inside your new home!
69,sfbay.craigslist.org/pen/apa/6047251551.html,2978.0,"time.struct_time(tm_year=1900, tm_mon=3, tm_mday=16, tm_hour=18, tm_min=25, tm_sec=41, tm_wday=3, tm_yday=75, tm_isdst=-1)",Newly Remodeled 1 Bedroom Available Now!
70,sfbay.craigslist.org/pen/apa/6047246497.html,2998.0,"time.struct_time(tm_year=1900, tm_mon=3, tm_mday=16, tm_hour=18, tm_min=25, tm_sec=13, tm_wday=3, tm_yday=75, tm_isdst=-1)",Beautiful Two Bedroom w/ Laundry in Unit!
71,sfbay.craigslist.org/pen/apa/6047250889.html,2978.0,"time.struct_time(tm_year=1900, tm_mon=3, tm_mday=16, tm_hour=18, tm_min=24, tm_sec=59, tm_wday=3, tm_yday=75, tm_isdst=-1)",Modern Finishes w/ Granite Countertops & Designer Cabinetry-Call Now!
72,sfbay.craigslist.org/pen/apa/6047219567.html,2545.0,"time.struct_time(tm_year=1900, tm_mon=3, tm_mday=16, tm_hour=18, tm_min=11, tm_sec=19, tm_wday=3, tm_yday=75, tm_isdst=-1)",You've found it! 950 Sq. Ft. 2 Bedroom Unit Available Now!
73,sfbay.craigslist.org/pen/apa/6047216836.html,3113.0,"time.struct_time(tm_year=1900, tm_mon=3, tm_mday=16, tm_hour=17, tm_min=49, tm_sec=42, tm_wday=3, tm_yday=75, tm_isdst=-1)",WE HAVE IT ALL! QUARTZ/SS APPS/WASHER & DRYER.  ONE MONTH FREE!
74,sfbay.craigslist.org/pen/apa/6047215924.html,3295.0,"time.struct_time(tm_year=1900, tm_mon=3, tm_mday=16, tm_hour=17, tm_min=48, tm_sec=48, tm_wday=3, tm_yday=75, tm_isdst=-1)",LIVING HIGH IN SAN MATEO
75,sfbay.craigslist.org/pen/apa/6047208829.html,2490.0,"time.struct_time(tm_year=1900, tm_mon=3, tm_mday=16, tm_hour=17, tm_min=42, tm_sec=2, tm_wday=3, tm_yday=75, tm_isdst=-1)",Spacious Studio with Abundant Closet Space - You Don't Want To Miss!
76,sfbay.craigslist.org/pen/apa/6047196940.html,2400.0,"time.struct_time(tm_year=1900, tm_mon=3, tm_mday=16, tm_hour=17, tm_min=30, tm_sec=25, tm_wday=3, tm_yday=75, tm_isdst=-1)","Walk-in Closet, Pet Friendly, 55+ Housing! Call for special!"
77,sfbay.craigslist.org/pen/apa/6047172723.html,2465.0,"time.struct_time(tm_year=1900, tm_mon=3, tm_mday=16, tm_hour=17, tm_min=17, tm_sec=28, tm_wday=3, tm_yday=75, tm_isdst=-1)","Spring, Perfect Time to Move - Immediate Move In Available"
78,sfbay.craigslist.org/pen/apa/6043059234.html,2900.0,"time.struct_time(tm_year=1900, tm_mon=3, tm_mday=16, tm_hour=16, tm_min=58, tm_sec=51, tm_wday=3, tm_yday=75, tm_isdst=-1)",Charming 2b/1b Duplex COMING APRIL!
79,sfbay.craigslist.org/pen/apa/6047155567.html,2995.0,"time.struct_time(tm_year=1900, tm_mon=3, tm_mday=16, tm_hour=16, tm_min=58, tm_sec=42, tm_wday=3, tm_yday=75, tm_isdst=-1)",Two bedroom with Lush Finishes!
80,sfbay.craigslist.org/pen/apa/6047152969.html,2830.0,"time.struct_time(tm_year=1900, tm_mon=3, tm_mday=16, tm_hour=16, tm_min=49, tm_sec=23, tm_wday=3, tm_yday=75, tm_isdst=-1)",Renovated One Bedroom with Huge Bathroom Space!
81,sfbay.craigslist.org/pen/apa/6047151284.html,3295.0,"time.struct_time(tm_year=1900, tm_mon=3, tm_mday=16, tm_hour=16, tm_min=47, tm_sec=57, tm_wday=3, tm_yday=75, tm_isdst=-1)",Life at Ryan Towers San Mateo
82,sfbay.craigslist.org/pen/apa/6047149894.html,2907.0,"time.struct_time(tm_year=1900, tm_mon=3, tm_mday=16, tm_hour=16, tm_min=46, tm_sec=41, tm_wday=3, tm_yday=75, tm_isdst=-1)",Gorgeous One Bedroom with a Classic Touch!
83,sfbay.craigslist.org/pen/apa/6047146639.html,2981.0,"time.struct_time(tm_year=1900, tm_mon=3, tm_mday=16, tm_hour=16, tm_min=43, tm_sec=48, tm_wday=3, tm_yday=75, tm_isdst=-1)",Your Future Home Awaits You! 1x1 Condo Style Available Now
84,sfbay.craigslist.org/pen/apa/6047101991.html,2880.0,"time.struct_time(tm_year=1900, tm_mon=3, tm_mday=16, tm_hour=16, tm_min=5, tm_sec=36, tm_wday=3, tm_yday=75, tm_isdst=-1)",Enjoy the Tranquility of Our Courtyard from Your Balcony!
85,sfbay.craigslist.org/pen/apa/6047073116.html,2854.0,"time.struct_time(tm_year=1900, tm_mon=3, tm_mday=16, tm_hour=15, tm_min=41, tm_sec=38, tm_wday=3, tm_yday=75, tm_isdst=-1)","Business Center, Leasing Now, Stylish Features"
86,sfbay.craigslist.org/pen/apa/6039280584.html,3350.0,"time.struct_time(tm_year=1900, tm_mon=3, tm_mday=16, tm_hour=15, tm_min=30, tm_sec=19, tm_wday=3, tm_yday=75, tm_isdst=-1)",2  ba.DUPLEX-WALK TO BURLINGAME AVE
87,sfbay.craigslist.org/pen/apa/6042265796.html,3350.0,"time.struct_time(tm_year=1900, tm_mon=3, tm_mday=16, tm_hour=15, tm_min=29, tm_sec=43, tm_wday=3, tm_yday=75, tm_isdst=-1)",2 ba.DUPLEX-WALK TO BURLINGAME AVE
88,sfbay.craigslist.org/pen/apa/6046968550.html,2519.0,"time.struct_time(tm_year=1900, tm_mon=3, tm_mday=16, tm_hour=14, tm_min=33, tm_sec=45, tm_wday=3, tm_yday=75, tm_isdst=-1)","Large kitchen with great cabinet and counter space,  7-15 month leases"
89,sfbay.craigslist.org/pen/apa/6046983142.html,2649.0,"time.struct_time(tm_year=1900, tm_mon=3, tm_mday=16, tm_hour=14, tm_min=32, tm_sec=20, tm_wday=3, tm_yday=75, tm_isdst=-1)",Enjoy 2 weeks Free !!
90,sfbay.craigslist.org/pen/apa/6038930077.html,2450.0,"time.struct_time(tm_year=1900, tm_mon=3, tm_mday=16, tm_hour=14, tm_min=26, tm_sec=14, tm_wday=3, tm_yday=75, tm_isdst=-1)",Live Minutes from Downtown Redwood City and Caltrain Station!
91,sfbay.craigslist.org/pen/apa/6046969349.html,2450.0,"time.struct_time(tm_year=1900, tm_mon=3, tm_mday=16, tm_hour=14, tm_min=22, tm_sec=22, tm_wday=3, tm_yday=75, tm_isdst=-1)",Walk to Caltrain! Call Today to Tour Our Beautiful 1 Bedroom Apartment
92,sfbay.craigslist.org/pen/apa/6046854850.html,2930.0,"time.struct_time(tm_year=1900, tm_mon=3, tm_mday=16, tm_hour=13, tm_min=13, tm_sec=55, tm_wday=3, tm_yday=75, tm_isdst=-1)",Excellent Location! Spacious 2 Bedroom 1.5 Bath!
93,sfbay.craigslist.org/pen/apa/6046864506.html,3063.0,"time.struct_time(tm_year=1900, tm_mon=3, tm_mday=16, tm_hour=13, tm_min=11, tm_sec=19, tm_wday=3, tm_yday=75, tm_isdst=-1)","HUGE, OPEN FLOOR PLANS RIGHT ON THE WATER. ONE MONTH FREE!"
94,sfbay.craigslist.org/pen/apa/6046839253.html,2594.0,"time.struct_time(tm_year=1900, tm_mon=3, tm_mday=16, tm_hour=12, tm_min=54, tm_sec=53, tm_wday=3, tm_yday=75, tm_isdst=-1)",Lowered 1 bedroom Apartment
95,sfbay.craigslist.org/pen/apa/6046715657.html,2948.0,"time.struct_time(tm_year=1900, tm_mon=3, tm_mday=16, tm_hour=11, tm_min=35, tm_sec=43, tm_wday=3, tm_yday=75, tm_isdst=-1)","SPACIOUS & UPSCALE 1BR with Walk-in closet, W/D and large Patio"
96,sfbay.craigslist.org/pen/apa/6046706634.html,2899.0,"time.struct_time(tm_year=1900, tm_mon=3, tm_mday=16, tm_hour=11, tm_min=30, tm_sec=8, tm_wday=3, tm_yday=75, tm_isdst=-1)",Amazing 1 bedroom with washer/dryer inside!
97,sfbay.craigslist.org/pen/apa/6046639974.html,3355.0,"time.struct_time(tm_year=1900, tm_mon=3, tm_mday=16, tm_hour=10, tm_min=49, tm_sec=55, tm_wday=3, tm_yday=75, tm_isdst=-1)","Outdoor fire feature, barbecue facilities and dining areas"
98,sfbay.craigslist.org/pen/apa/6046613267.html,2975.0,"time.struct_time(tm_year=1900, tm_mon=3, tm_mday=16, tm_hour=10, tm_min=33, tm_sec=56, tm_wday=3, tm_yday=75, tm_isdst=-1)",1st Floor 1 Bed 1 Bath On The Water With Private Views!
99,sfbay.craigslist.org/pen/apa/6046604731.html,2688.0,"time.struct_time(tm_year=1900, tm_mon=3, tm_mday=16, tm_hour=10, tm_min=28, tm_sec=56, tm_wday=3, tm_yday=75, tm_isdst=-1)",One Bedroom Apartment Home in Beautiful Belmont Setting!
100,sfbay.craigslist.org/pen/apa/6046589894.html,3107.0,"time.struct_time(tm_year=1900, tm_mon=3, tm_mday=16, tm_hour=10, tm_min=20, tm_sec=1, tm_wday=3, tm_yday=75, tm_isdst=-1)","Renovated Waterfront 1B1B with Upgraded Appliances, Hardwood Floors!"
101,sfbay.craigslist.org/pen/apa/6046432645.html,3395.0,"time.struct_time(tm_year=1900, tm_mon=3, tm_mday=16, tm_hour=8, tm_min=48, tm_sec=13, tm_wday=3, tm_yday=75, tm_isdst=-1)",RYAN TOWER LIVING
102,sfbay.craigslist.org/pen/apa/6046422380.html,2545.0,"time.struct_time(tm_year=1900, tm_mon=3, tm_mday=16, tm_hour=8, tm_min=42, tm_sec=7, tm_wday=3, tm_yday=75, tm_isdst=-1)",THE RISE OF RYAN TOWER
103,sfbay.craigslist.org/pen/apa/6045964461.html,2415.0,"time.struct_time(tm_year=1900, tm_mon=3, tm_mday=15, tm_hour=21, tm_min=0, tm_sec=4, tm_wday=2, tm_yday=74, tm_isdst=-1)",Downtown Beautiful Redwood City 1 Bedroom Apartment Available!
104,sfbay.craigslist.org/pen/apa/6045927373.html,2998.0,"time.struct_time(tm_year=1900, tm_mon=3, tm_mday=15, tm_hour=20, tm_min=17, tm_sec=10, tm_wday=2, tm_yday=74, tm_isdst=-1)",Spacious Two Bedroom in a Location Close to Everything!
105,sfbay.craigslist.org/pen/apa/6045926480.html,2698.0,"time.struct_time(tm_year=1900, tm_mon=3, tm_mday=15, tm_hour=20, tm_min=15, tm_sec=0, tm_wday=2, tm_yday=74, tm_isdst=-1)","Spacious 1 Bedroom, Minutes from Downtown Burlingame Shopping!"
106,sfbay.craigslist.org/pen/apa/6045929811.html,2978.0,"time.struct_time(tm_year=1900, tm_mon=3, tm_mday=15, tm_hour=20, tm_min=13, tm_sec=19, tm_wday=2, tm_yday=74, tm_isdst=-1)",Beautiful 1 BR - Close Proximity to Cal-Train & Major Highways!
107,sfbay.craigslist.org/pen/apa/6045929460.html,2978.0,"time.struct_time(tm_year=1900, tm_mon=3, tm_mday=15, tm_hour=20, tm_min=12, tm_sec=52, tm_wday=2, tm_yday=74, tm_isdst=-1)",#211 Newly Renovated Kitchen with Stainless Steel Appliances!
108,sfbay.craigslist.org/pen/apa/6045929025.html,3398.0,"time.struct_time(tm_year=1900, tm_mon=3, tm_mday=15, tm_hour=20, tm_min=12, tm_sec=19, tm_wday=2, tm_yday=74, tm_isdst=-1)",Spacious 2x2 W/ Complementary Wi-Fi inside your new home!
109,sfbay.craigslist.org/pen/apa/6045928320.html,2998.0,"time.struct_time(tm_year=1900, tm_mon=3, tm_mday=15, tm_hour=20, tm_min=11, tm_sec=25, tm_wday=2, tm_yday=74, tm_isdst=-1)",Modern Finishes w/ Granite Countertops & Designer Cabinetry-Call now!
110,sfbay.craigslist.org/pen/apa/6045764053.html,3100.0,"time.struct_time(tm_year=1900, tm_mon=3, tm_mday=15, tm_hour=17, tm_min=14, tm_sec=33, tm_wday=2, tm_yday=74, tm_isdst=-1)",3 bedroom / 1.5 half bath
111,sfbay.craigslist.org/pen/apa/6045761921.html,3390.0,"time.struct_time(tm_year=1900, tm_mon=3, tm_mday=15, tm_hour=17, tm_min=12, tm_sec=36, tm_wday=2, tm_yday=74, tm_isdst=-1)",Experience Resort Style Living at the Marston
112,sfbay.craigslist.org/pen/apa/6045691621.html,3207.0,"time.struct_time(tm_year=1900, tm_mon=3, tm_mday=15, tm_hour=16, tm_min=10, tm_sec=53, tm_wday=2, tm_yday=74, tm_isdst=-1)","W/D in Unit, Private Balcony, Dual Vanity, Large Walk In Closet"
113,sfbay.craigslist.org/pen/apa/6027841851.html,2495.0,"time.struct_time(tm_year=1900, tm_mon=3, tm_mday=15, tm_hour=15, tm_min=46, tm_sec=9, tm_wday=2, tm_yday=74, tm_isdst=-1)",Updated Unit in Beautiful Emerald Hills!
114,sfbay.craigslist.org/pen/apa/6045661274.html,2647.0,"time.struct_time(tm_year=1900, tm_mon=3, tm_mday=15, tm_hour=15, tm_min=46, tm_sec=8, tm_wday=2, tm_yday=74, tm_isdst=-1)","Outdoor Fire Pit and Grilling Area, Call for Details, Schedule a Tour"
115,sfbay.craigslist.org/pen/apa/6045633118.html,2400.0,"time.struct_time(tm_year=1900, tm_mon=3, tm_mday=15, tm_hour=15, tm_min=23, tm_sec=51, tm_wday=2, tm_yday=74, tm_isdst=-1)","Controlled Access Entry Building, Dishwasher, Walk-In Closet, 55+ Apts"
116,sfbay.craigslist.org/pen/apa/6045599846.html,2750.0,"time.struct_time(tm_year=1900, tm_mon=3, tm_mday=15, tm_hour=15, tm_min=2, tm_sec=55, tm_wday=2, tm_yday=74, tm_isdst=-1)",Pet Friendly Community with Hiking Trails Steps Away from Your Door!
117,sfbay.craigslist.org/pen/apa/6025476951.html,2939.0,"time.struct_time(tm_year=1900, tm_mon=3, tm_mday=15, tm_hour=14, tm_min=49, tm_sec=34, tm_wday=2, tm_yday=74, tm_isdst=-1)",Luxury Apartments in Redwood City!
118,sfbay.craigslist.org/pen/apa/6045552235.html,2470.0,"time.struct_time(tm_year=1900, tm_mon=3, tm_mday=15, tm_hour=14, tm_min=29, tm_sec=57, tm_wday=2, tm_yday=74, tm_isdst=-1)","You've Found Your New Home, Enjoy the features of this spacious 1x1"
119,sfbay.craigslist.org/pen/apa/6045540387.html,3131.0,"time.struct_time(tm_year=1900, tm_mon=3, tm_mday=15, tm_hour=14, tm_min=15, tm_sec=39, tm_wday=2, tm_yday=74, tm_isdst=-1)",Open House- Bright One Bedroom on Top Floor!
